school,district,state
air academy high school,academy 20,colorado
academy online,academy 20,colorado
the classical academy high school,academy 20,colorado
discovery canyon campus high school,academy 20,colorado
liberty high school,academy 20,colorado
pine creek high school,academy 20,colorado
rampart high school,academy 20,colorado
horizon high school,adams 12 five star schools,colorado
legacy high school,adams 12 five star schools,colorado
thornton high school,adams 12 five star schools,colorado
mountain range high school,adams 12 five star schools,colorado
northglenn high school,adams 12 five star schools,colorado
p-tech early college at northglenn high school,adams 12 five star schools,colorado
adams city high school,adams county 14,colorado
aurora central high school,adams-arapahoe 28j,colorado
gateway high school,adams-arapahoe 28j,colorado
hinkley high school,adams-arapahoe 28j,colorado
rangeview high school,adams-arapahoe 28j,colorado
william smith high school,adams-arapahoe 28j,colorado
vista peak 9-12 preparatory,adams-arapahoe 28j,colorado
alamosa high school,alamosa re-11j,colorado
alamosa ombudsman school of excellence,alamosa re-11j,colorado
pagosa springs high school,archuleta county 50 jt,colorado
aspen high school,aspen 1,colorado
highland high school,ault-highland re-9,colorado
bayfield high school,bayfield 10 jt-r,colorado
bennett high school,bennett 29j,colorado
simla high school,big sandy 100j,colorado
boulder high school,boulder valley re 2,colorado
broomfield high school,boulder valley re 2,colorado
centaurus high school,boulder valley re 2,colorado
fairview high school,boulder valley re 2,colorado
monarch high school,boulder valley re 2,colorado
new vista high school,boulder valley re 2,colorado
brush high school,brush re-2(j),colorado
buena vista high school,buena vista r-31,colorado
calhan high school,calhan rj-1,colorado
canon city high school,canon city re-1,colorado
center high school,center 26 jt,colorado
animas high school,charter school institute,colorado
colorado springs early colleges,charter school institute,colorado
colorado early colleges - parker,charter school institute,colorado
launch high school,charter school institute,colorado
new america school - lowry,charter school institute,colorado
the pinnacle charter school high,charter school institute,colorado
victory preparatory academy high state charter sch,charter school institute,colorado
youth & family academy charter,charter school institute,colorado
cherokee trail high school,cherry creek 5,colorado
cherry creek high school,cherry creek 5,colorado
eaglecrest high school,cherry creek 5,colorado
grandview high school,cherry creek 5,colorado
overland high school,cherry creek 5,colorado
smoky hill high school,cherry creek 5,colorado
cheyenne mountain high school,cheyenne mountain 12,colorado
the vanguard school (high),cheyenne mountain 12,colorado
clear creek high school,clear creek re-1,colorado
pikes peak online school,colorado digital boces,colorado
civa charter academy,colorado springs 11,colorado
coronado high school,colorado springs 11,colorado
doherty high school,colorado springs 11,colorado
early college high school,colorado springs 11,colorado
mitchell high school,colorado springs 11,colorado
palmer high school,colorado springs 11,colorado
crowley county primary,crowley county re-1-j,colorado
crowley county ward intermediate,crowley county re-1-j,colorado
custer county high school,custer county school district c-1,colorado
de beque elementary school,de beque 49jt,colorado
del norte high school,del norte c-7,colorado
underwood elementary school,del norte c-7,colorado
del norte middle school,del norte c-7,colorado
cedaredge high school,delta county 50(j),colorado
delta high school,delta county 50(j),colorado
hotchkiss high school,delta county 50(j),colorado
delta vision school,delta county 50(j),colorado
abraham lincoln high school,denver county 1,colorado
ridge view academy charter school,denver county 1,colorado
academy of urban learning,denver county 1,colorado
collegiate preparatory academy,denver county 1,colorado
career education center early college,denver county 1,colorado
compassion road academy,denver county 1,colorado
ace community challenge school,denver county 1,colorado
dsst: green valley ranch high school,denver county 1,colorado
dsst: cole high school,denver county 1,colorado
dsst: stapleton high school,denver county 1,colorado
dsst: byers high school,denver county 1,colorado
denver school of innovation and sustainable design,denver county 1,colorado
dsst college view high school,denver county 1,colorado
east high school,denver county 1,colorado
excel academy,denver county 1,colorado
venture prep high school,denver county 1,colorado
high tech early college,denver county 1,colorado
florence crittenton high school,denver county 1,colorado
george washington high school,denver county 1,colorado
girls athletic leadership school high school,denver county 1,colorado
john f kennedy high school,denver county 1,colorado
justice high school denver,denver county 1,colorado
kipp northeast denver leadership academy,denver county 1,colorado
kipp denver collegiate high school,denver county 1,colorado
legacy options high school,denver county 1,colorado
manual high school,denver county 1,colorado
contemporary learning academy,denver county 1,colorado
north high school,denver county 1,colorado
northfield high school,denver county 1,colorado
denver online high school,denver county 1,colorado
riseup community school,denver county 1,colorado
strive prep - rise,denver county 1,colorado
south high school,denver county 1,colorado
southwest early college,denver county 1,colorado
strive prep - excel,denver county 1,colorado
thomas jefferson high school,denver county 1,colorado
strive prep - smart academy,denver county 1,colorado
polaris at ebert elementary school,denver county 1,colorado
hallett fundamental academy,denver county 1,colorado
gilpin montessori public school,denver county 1,colorado
kipp montbello college prep,denver county 1,colorado
henry world school grades 6-8,denver county 1,colorado
dolores high school,dolores re-4a,colorado
castle view high school,douglas county re 1,colorado
chaparral high school,douglas county re 1,colorado
douglas county high school,douglas county re 1,colorado
highlands ranch high school,douglas county re 1,colorado
hope online learning academy high school,douglas county re 1,colorado
legend high school,douglas county re 1,colorado
mountain vista high school,douglas county re 1,colorado
ponderosa high school,douglas county re 1,colorado
rock canyon high school,douglas county re 1,colorado
thunderridge high school,douglas county re 1,colorado
stem school,douglas county re 1,colorado
durango high school,durango 9-r,colorado
red canyon high school,eagle county re 50,colorado
battle mountain high school,eagle county re 50,colorado
eagle valley high school,eagle county re 50,colorado
middle park high school,east grand 2,colorado
eaton high school,eaton re-2,colorado
elizabeth high school,elizabeth c-1,colorado
ellicott senior high school,ellicott 22,colorado
colorado's finest high school of choice,englewood 1,colorado
englewood high school,englewood 1,colorado
estes park high school,estes park r-3,colorado
falcon high school,falcon 49,colorado
goal academy,falcon 49,colorado
patriot high school,falcon 49,colorado
sand creek high school,falcon 49,colorado
vista ridge high school,falcon 49,colorado
fort morgan high school,fort morgan re-3,colorado
fountain-fort carson high school,fountain 8,colorado
fowler high school,fowler r-4j,colorado
florence high school,fremont re-2,colorado
grand valley high school,garfield 16,colorado
coal ridge high school,garfield re-2,colorado
rifle high school,garfield re-2,colorado
early college academy,greeley 6,colorado
greeley central high school,greeley 6,colorado
greeley west high school,greeley 6,colorado
northridge high school,greeley 6,colorado
gunnison high school,gunnison watershed re1j,colorado
atlas preparatory high school,harrison 2,colorado
harrison high school,harrison 2,colorado
james irwin charter high school,harrison 2,colorado
sierra high school,harrison 2,colorado
sand creek elementary school,harrison 2,colorado
high school preparatory academy,harrison 2,colorado
hayden high school,hayden re-1,colorado
holly high school,holly re-3,colorado
john mall high school,huerfano re-1,colorado
ignacio high school,ignacio 11 jt,colorado
arvada high school,jefferson county r-1,colorado
arvada west high school,jefferson county r-1,colorado
bear creek high school,jefferson county r-1,colorado
chatfield high school,jefferson county r-1,colorado
columbine high school,jefferson county r-1,colorado
conifer senior high school,jefferson county r-1,colorado
dakota ridge senior high school,jefferson county r-1,colorado
evergreen high school,jefferson county r-1,colorado
golden high school,jefferson county r-1,colorado
green mountain high school,jefferson county r-1,colorado
jefferson academy high school,jefferson county r-1,colorado
lakewood high school,jefferson county r-1,colorado
pomona high school,jefferson county r-1,colorado
ralston valley senior high school,jefferson county r-1,colorado
standley lake high school,jefferson county r-1,colorado
wheat ridge high school,jefferson county r-1,colorado
bradford primary school,jefferson county r-1,colorado
pleasant view elementary school,jefferson county r-1,colorado
bradford intermediate school,jefferson county r-1,colorado
roosevelt high school,johnstown-milliken re-5j,colorado
kiowa high school,kiowa c-2,colorado
la veta junior-senior high school,la veta re-2,colorado
lamar high school,lamar re-2,colorado
las animas high school,las animas re-1,colorado
lewis-palmer high school,lewis-palmer 38,colorado
palmer ridge high school,lewis-palmer 38,colorado
arapahoe high school,littleton 6,colorado
heritage high school,littleton 6,colorado
littleton high school,littleton 6,colorado
manitou springs high school,manitou springs 14,colorado
mapleton early college high school,mapleton 1,colorado
global leadership academy,mapleton 1,colorado
academy high school,mapleton 1,colorado
big picture college and career academy,mapleton 1,colorado
meeker high school,meeker re1,colorado
central high school,mesa county valley 51,colorado
grand junction high school,mesa county valley 51,colorado
palisade high school,mesa county valley 51,colorado
moffat county high school,moffat county re:no 1,colorado
monte vista senior high school,monte vista c-8,colorado
montezuma-cortez high school,montezuma-cortez re-1,colorado
montrose high school,montrose county re-1j,colorado
olathe high school,montrose county re-1j,colorado
mountain valley school,mountain valley re 1,colorado
centauri high school,north conejos re-1j,colorado
south park high school,park county re-2,colorado
peyton senior high school,peyton 23 jt,colorado
platte canyon high school,platte canyon 1,colorado
platte valley high school,platte valley re-7,colorado
fort collins high school,poudre r-1,colorado
fossil ridge high school,poudre r-1,colorado
poudre high school,poudre r-1,colorado
rocky mountain high school,poudre r-1,colorado
centennial high school,pueblo city 60,colorado
central high school,pueblo city 60,colorado
east high school,pueblo city 60,colorado
south high school,pueblo city 60,colorado
pueblo county high school,pueblo county 70,colorado
pueblo west high school,pueblo county 70,colorado
rye high school,pueblo county 70,colorado
swallows charter academy high school,pueblo county 70,colorado
ridgway high school,ridgway r-2,colorado
basalt high school,roaring fork re-1,colorado
glenwood springs high school,roaring fork re-1,colorado
roaring fork high school,roaring fork re-1,colorado
salida high school,salida r-32,colorado
sargent senior high school,sargent re-33j,colorado
brighton high school,school district 27j,colorado
eagle ridge academy,school district 27j,colorado
prairie view high school,school district 27j,colorado
sheridan high school,sheridan 2,colorado
antonito high school,south conejos re-10,colorado
antonito middle school,south conejos re-10,colorado
soroco high school,south routt re 3,colorado
st. vrain valley p-tech school,st vrain valley re 1j,colorado
erie high school,st vrain valley re 1j,colorado
frederick senior high school,st vrain valley re 1j,colorado
longmont high school,st vrain valley re 1j,colorado
mead high school,st vrain valley re 1j,colorado
niwot high school,st vrain valley re 1j,colorado
silver creek high school,st vrain valley re 1j,colorado
skyline high school,st vrain valley re 1j,colorado
steamboat springs high school,steamboat springs re-2,colorado
strasburg high school,strasburg 31j,colorado
summit high school,summit re-1,colorado
telluride high school,telluride r-1,colorado
berthoud high school,thompson r2-j,colorado
loveland high school,thompson r2-j,colorado
mountain view high school,thompson r2-j,colorado
thompson valley high school,thompson r2-j,colorado
trinidad high school,trinidad 1,colorado
sterling high school,valley re-1,colorado
valley high school,weld county re-1,colorado
fort lupton high school,weld county s/d re-8,colorado
weld central senior high school,weld county school district re-3j,colorado
naturita elementary & middle school,west end re-2,colorado
west grand high school,west grand 1-jt,colorado
westminster high school,westminster public schools,colorado
mesa ridge high school,widefield 3,colorado
widefield high school,widefield 3,colorado
wiggins high school,wiggins re-50(j),colorado
windsor high school,windsor re-4,colorado
woodland park high school,woodland park re-2,colorado
wray high school,wray rd-2,colorado
yuma high school,yuma 1,colorado
academy calvert k-8 online school,academy 20,colorado
pagosa peak open school,archuleta county 50 jt,colorado
flagler public school,arriba-flagler c-20,colorado
bayfield elementary school,bayfield 10 jt-r,colorado
colorado digital academy - elementary,byers 32j,colorado
colorado digital academy - middle,byers 32j,colorado
elevate academy,byers 32j,colorado
pikes peak prep,charter school institute,colorado
t.r. paul academy of arts & knowledge,charter school institute,colorado
the pinnacle charter school elementary,charter school institute,colorado
the pinnacle charter school middle,charter school institute,colorado
colorado prep academy,colorado digital boces,colorado
de beque pk-12 school district 49jt,de beque 49jt,colorado
del norte schools k-8,del norte c-7,colorado
amesse elementary school,denver county 1,colorado
cesar chavez academy denver,denver county 1,colorado
denver center for 21st learning at wyman,denver county 1,colorado
garden place elementary school,denver county 1,colorado
greenlee elementary school,denver county 1,colorado
henry world school,denver county 1,colorado
kepner middle school,denver county 1,colorado
lake international school,denver county 1,colorado
mc kinley-thatcher elementary school,denver county 1,colorado
mc meen elementary school,denver county 1,colorado
montclair elementary school,denver county 1,colorado
whittier k-8 school,denver county 1,colorado
william (bill) roberts k-8 school,denver county 1,colorado
wyatt academy middle school,denver county 1,colorado
dolores middle school,dolores re-4a,colorado
elizabeth middle school,elizabeth c-1,colorado
legacy academy,elizabeth c-1,colorado
running creek elementary school,elizabeth c-1,colorado
singing hills elementary school,elizabeth c-1,colorado
allies,falcon 49,colorado
banning lewis ranch academy,falcon 49,colorado
evans international elementary school,falcon 49,colorado
falcon elementary school of technology,falcon 49,colorado
falcon middle school,falcon 49,colorado
horizon middle school,falcon 49,colorado
imagine classical academy,falcon 49,colorado
meridian ranch elementary school,falcon 49,colorado
odyssey elementary school,falcon 49,colorado
pikes peak school expeditionary learning,falcon 49,colorado
power technical early college,falcon 49,colorado
remington elementary school,falcon 49,colorado
ridgeview elementary school,falcon 49,colorado
rocky mountain classical academy,falcon 49,colorado
skyview middle school,falcon 49,colorado
springs ranch elementary school,falcon 49,colorado
springs studio for academic excellence,falcon 49,colorado
stetson elementary school,falcon 49,colorado
woodmen hills elementary school,falcon 49,colorado
haxtun elementary school,haxtun re-2j,colorado
free horizon montessori charter school,jefferson county r-1,colorado
golden view classical academy,jefferson county r-1,colorado
jeffco's 21st century virtual academy,jefferson county r-1,colorado
pennington elementary school,jefferson county r-1,colorado
three creeks elementary school,jefferson county r-1,colorado
east elementary school,moffat county re:no 1,colorado
cortez middle school,montezuma-cortez re-1,colorado
poudre community academy,poudre r-1,colorado
benjamin franklin elementary school,pueblo city 60,colorado
beulah elementary school,pueblo county 70,colorado
guadalupe elementary school,south conejos re-10,colorado
quest academy at dacono,weld county s/d re-8,colorado
hudson academy of arts and sciences,weld county school district re-3j,colorado
nucla middle school,west end re-2,colorado
flynn elementary school,westminster public schools,colorado
monterey community school,mapleton 1,colorado
explore elementary,mapleton 1,colorado
valley view k-8,mapleton 1,colorado
vantage point,adams 12 five star schools,colorado
mc elwain elementary school,adams 12 five star schools,colorado
the international school at thornton middle,adams 12 five star schools,colorado
the studio school,adams 12 five star schools,colorado
monaco elementary school,adams county 14,colorado
clara e. metz elementary school,westminster public schools,colorado
francis m. day elementary school,westminster public schools,colorado
josephine hodgkins elementary school,westminster public schools,colorado
m. scott carpenter middle school,westminster public schools,colorado
tennyson knolls elementary school,westminster public schools,colorado
alamosa elementary school,alamosa re-11j,colorado
summit elementary school,cherry creek 5,colorado
east elementary school,littleton 6,colorado
fletcher community school,adams-arapahoe 28j,colorado
rocky mountain prep - fletcher campus,adams-arapahoe 28j,colorado
elevate academy middle school,byers 32j,colorado
elevate academy elementary school,byers 32j,colorado
mc clave elementary school,mc clave re-2,colorado
mc clave undivided high school,mc clave re-2,colorado
legacy elementary school,st vrain valley re 1j,colorado
alpine elementary school,st vrain valley re 1j,colorado
aspen ridge preparatory school,st vrain valley re 1j,colorado
altona middle school,st vrain valley re 1j,colorado
black rock elementary,st vrain valley re 1j,colorado
blue mountain elementary,st vrain valley re 1j,colorado
burlington elementary school,st vrain valley re 1j,colorado
centennial elementary,st vrain valley re 1j,colorado
carbon valley academy,st vrain valley re 1j,colorado
central elementary school,st vrain valley re 1j,colorado
columbine elementary school,st vrain valley re 1j,colorado
eagle crest elementary school,st vrain valley re 1j,colorado
erie elementary school,st vrain valley re 1j,colorado
erie middle school,st vrain valley re 1j,colorado
fall river elementary school,st vrain valley re 1j,colorado
flagstaff charter academy,st vrain valley re 1j,colorado
thunder valley pk-8,st vrain valley re 1j,colorado
coal ridge middle school,st vrain valley re 1j,colorado
grand view elementary,st vrain valley re 1j,colorado
hygiene elementary school,st vrain valley re 1j,colorado
indian peaks elementary school,st vrain valley re 1j,colorado
imagine charter,st vrain valley re 1j,colorado
red hawk elementary,st vrain valley re 1j,colorado
longmont estates elementary school,st vrain valley re 1j,colorado
sunset middle school,st vrain valley re 1j,colorado
longs peak middle school,st vrain valley re 1j,colorado
lyons elementary school,st vrain valley re 1j,colorado
lyons middle/senior high school,st vrain valley re 1j,colorado
mead elementary school,st vrain valley re 1j,colorado
mead middle school,st vrain valley re 1j,colorado
timberline pk-8,st vrain valley re 1j,colorado
mountain view elementary school,st vrain valley re 1j,colorado
niwot elementary school,st vrain valley re 1j,colorado
northridge elementary school,st vrain valley re 1j,colorado
prairie ridge elementary school,st vrain valley re 1j,colorado
rocky mountain elementary school,st vrain valley re 1j,colorado
sanborn elementary school,st vrain valley re 1j,colorado
soaring heights pk-8,st vrain valley re 1j,colorado
trail ridge middle school,st vrain valley re 1j,colorado
twin peaks charter academy,st vrain valley re 1j,colorado
westview middle school,st vrain valley re 1j,colorado
harry l mc ginnis middle school,buena vista r-31,colorado
carlson elementary school,clear creek re-1,colorado
king-murphy elementary school,clear creek re-1,colorado
valdez elementary school,denver county 1,colorado
beach court elementary school,denver county 1,colorado
rocky mountain prep berkeley,denver county 1,colorado
columbian elementary school,denver county 1,colorado
columbine elementary school,denver county 1,colorado
dsst: stapleton middle school,denver county 1,colorado
denver green school,denver county 1,colorado
denver center for 21st-century learning at wyman,denver county 1,colorado
doull elementary school,denver county 1,colorado
eagleton elementary school,denver county 1,colorado
international academy of denver at harrington,denver county 1,colorado
high tech elementary school,denver county 1,colorado
lake middle school,denver county 1,colorado
mathematics and science leadership academy,denver county 1,colorado
academia ana marie sandoval,denver county 1,colorado
reach charter school,denver county 1,colorado
roots elementary,denver county 1,colorado
samuels elementary school,denver county 1,colorado
charles m. schenck (cms) community school,denver county 1,colorado
slavens k-8 school,denver county 1,colorado
summit academy,denver county 1,colorado
the boys school of denver,denver county 1,colorado
vista academy,denver county 1,colorado
west leadership academy,denver county 1,colorado
strive prep - gvr,denver county 1,colorado
seventh street elementary school,dolores county re no.2,colorado
ascent classical academy,douglas county re 1,colorado
hope online learning academy elementary,douglas county re 1,colorado
world  compass academy,douglas county re 1,colorado
june creek elementary school,eagle county re 50,colorado
calhan middle school,calhan rj-1,colorado
james madison charter academy school,widefield 3,colorado
widefield elementary school,widefield 3,colorado
achieve online,colorado springs 11,colorado
nikola tesla education opportunity center,colorado springs 11,colorado
journey k8,academy 20,colorado
allies,district 49,colorado
evans international elementary school,district 49,colorado
springs studio for academic excellence,district 49,colorado
imagine classical academy,district 49,colorado
odyssey elementary school,district 49,colorado
pikes peak school expeditionary learning,district 49,colorado
fremont middle school,fremont re-2,colorado
cotopaxi junior-senior high school,cotopaxi re-3,colorado
west grand elementary  and middle school,west grand 1-jt,colorado
north park school,north park r-1,colorado
belmar elementary school,jefferson county r-1,colorado
foster elementary school,jefferson county r-1,colorado
great work montessori,jefferson county r-1,colorado
jeffco virtual academy,jefferson county r-1,colorado
connections learning center on the earle johnson c,jefferson county r-1,colorado
stratton middle school,stratton r-4,colorado
fort lewis mesa elementary school,durango 9-r,colorado
fort collins montessori school,poudre r-1,colorado
psd global academy,poudre r-1,colorado
stansberry elementary school,thompson r2-j,colorado
van buren elementary school,thompson r2-j,colorado
branson school online,branson reorganized 82,colorado
fleming elementary school,frenchman re-3,colorado
fleming high school,frenchman re-3,colorado
peetz junior-senior high school,plateau re-5,colorado
sandrock elementary,moffat county re:no 1,colorado
craig middle school,moffat county re:no 1,colorado
ridgeview elementary school,moffat county re:no 1,colorado
sunset elementary school,moffat county re:no 1,colorado
brush middle school,brush re-2(j),colorado
beaver valley elementary school,brush re-2(j),colorado
aspen community charter school,aspen 1,colorado
granada undivided high school,granada re-1,colorado
holly junior high school,holly re-3,colorado
holly elementary school,holly re-3,colorado
wiley junior-senior high school,wiley re-13 jt,colorado
heroes middle school,pueblo city 60,colorado
pueblo sch. for arts & sciences at fulton heights,pueblo city 60,colorado
heroes academy prek-5,pueblo city 60,colorado
beulah middle school,pueblo county 70,colorado
meeker elementary school,meeker re1,colorado
barone middle school,meeker re1,colorado
del norte elementary school,del norte c-7,colorado
del norte high jr./sr. high school,del norte c-7,colorado
windsor charter academy middle and early college h,windsor re-4,colorado
fred tjardes school of innovation,greeley 6,colorado
fort lupton middle school,weld county s/d re-8,colorado
leo william butler elementary school,weld county s/d re-8,colorado
kenneth homyak pk-8,weld county s/d re-8,colorado
twombly elementary school,weld county s/d re-8,colorado
highland middle school,ault-highland re-9,colorado
buchanan middle school,wray rd-2,colorado
idalia elementary school,idalia rj-3,colorado
global village academy - colorado springs,charter school institute,colorado
global village academy - fort collins,charter school institute,colorado
monarch classical school of the arts,charter school institute,colorado
mapleton expeditionary school of the arts,mapleton 1,colorado
meadow community school,mapleton 1,colorado
york international,mapleton 1,colorado
welby community school,mapleton 1,colorado
achieve academy,mapleton 1,colorado
explore pk-8,mapleton 1,colorado
adventure elementary,mapleton 1,colorado
clayton partnership school,mapleton 1,colorado
colorado connections academy,mapleton 1,colorado
global intermediate academy,mapleton 1,colorado
global primary academy,mapleton 1,colorado
trailside academy,mapleton 1,colorado
glacier peak elementary school,adams 12 five star schools,colorado
rocky top middle school,adams 12 five star schools,colorado
meridian elementary school,adams 12 five star schools,colorado
arapahoe ridge elementary school,adams 12 five star schools,colorado
centennial elementary school,adams 12 five star schools,colorado
century middle school,adams 12 five star schools,colorado
stargate charter school,adams 12 five star schools,colorado
coronado hills elementary school,adams 12 five star schools,colorado
cotton creek elementary school,adams 12 five star schools,colorado
coyote ridge elementary school,adams 12 five star schools,colorado
eagleview elementary school,adams 12 five star schools,colorado
tarver elementary school,adams 12 five star schools,colorado
cherry drive elementary school,adams 12 five star schools,colorado
skyview elementary school,adams 12 five star schools,colorado
hunters glen elementary school,adams 12 five star schools,colorado
rocky mountain elementary school,adams 12 five star schools,colorado
riverdale elementary school,adams 12 five star schools,colorado
federal heights elementary school,adams 12 five star schools,colorado
hillcrest elementary school,adams 12 five star schools,colorado
hulstrom options k-8 school,adams 12 five star schools,colorado
silver hills middle school,adams 12 five star schools,colorado
leroy drive elementary school,adams 12 five star schools,colorado
malley drive elementary school,adams 12 five star schools,colorado
mcelwain elementary school,adams 12 five star schools,colorado
thornton middle school,adams 12 five star schools,colorado
mountain view elementary school,adams 12 five star schools,colorado
shadow ridge middle school,adams 12 five star schools,colorado
north mor elementary school,adams 12 five star schools,colorado
north star elementary school,adams 12 five star schools,colorado
northglenn middle school,adams 12 five star schools,colorado
prospect ridge academy,adams 12 five star schools,colorado
prairie hills elementary school,adams 12 five star schools,colorado
silver creek elementary,adams 12 five star schools,colorado
stellar elementary school,adams 12 five star schools,colorado
stem lab,adams 12 five star schools,colorado
stem launch,adams 12 five star schools,colorado
stukey elementary school,adams 12 five star schools,colorado
thunder vista p-8,adams 12 five star schools,colorado
thornton elementary school,adams 12 five star schools,colorado
westgate charter,adams 12 five star schools,colorado
westlake middle school,adams 12 five star schools,colorado
westview elementary school,adams 12 five star schools,colorado
woodglen elementary school,adams 12 five star schools,colorado
adams city middle school,adams county 14,colorado
alsup elementary school,adams county 14,colorado
central elementary school,adams county 14,colorado
dupont elementary school,adams county 14,colorado
kearney middle school,adams county 14,colorado
kemp elementary school,adams county 14,colorado
hanson elementary school,adams county 14,colorado
rose hill elementary school,adams county 14,colorado
belle creek charter school,school district 27j,colorado
brantner elementary school,school district 27j,colorado
bromley east charter school,school district 27j,colorado
foundations academy,school district 27j,colorado
henderson elementary school,school district 27j,colorado
landmark academy at reunion,school district 27j,colorado
mary e pennock elementary school,school district 27j,colorado
north elementary school,school district 27j,colorado
northeast elementary school,school district 27j,colorado
overland trail middle school,school district 27j,colorado
otho e stuart middle school,school district 27j,colorado
prairie view middle school,school district 27j,colorado
reunion elementary school,school district 27j,colorado
rodger quist middle school,school district 27j,colorado
second creek elementary school,school district 27j,colorado
john w thimmig elementary school,school district 27j,colorado
south elementary school,school district 27j,colorado
southeast elementary school,school district 27j,colorado
turnberry elementary,school district 27j,colorado
vikan middle school,school district 27j,colorado
west ridge elementary,school district 27j,colorado
bennett intermediate school,bennett 29j,colorado
bennett elementary school,bennett 29j,colorado
bennett middle school,bennett 29j,colorado
strasburg elementary school,strasburg 31j,colorado
hemphill middle school,strasburg 31j,colorado
metropolitan arts academy,westminster public schools,colorado
fairview elementary school,westminster public schools,colorado
harris park elementary school,westminster public schools,colorado
colorado stem academy,westminster public schools,colorado
josephine hodgkins leadership academy,westminster public schools,colorado
colorado sports leadership academy,westminster public schools,colorado
mesa elementary school,westminster public schools,colorado
iver c. ranum middle school,westminster public schools,colorado
john e. flynn a marzano academy,westminster public schools,colorado
shaw heights middle school,westminster public schools,colorado
sherrelwood elementary school,westminster public schools,colorado
skyline vista elementary school,westminster public schools,colorado
sunset ridge elementary school,westminster public schools,colorado
tennyson knolls preparatory school,westminster public schools,colorado
westminster academy for international studies,westminster public schools,colorado
ortega middle school,alamosa re-11j,colorado
alamosa elementary school 3-5,alamosa re-11j,colorado
sangre de cristo elementary school,sangre de cristo re-22j,colorado
sangre de cristo undivided high school,sangre de cristo re-22j,colorado
charles hay world school,englewood 1,colorado
cherrelyn elementary school,englewood 1,colorado
clayton elementary school,englewood 1,colorado
englewood leadership academy,englewood 1,colorado
englewood middle school,englewood 1,colorado
wm e bishop elementary school,englewood 1,colorado
fort logan northgate,sheridan 2,colorado
fox hollow elementary school,cherry creek 5,colorado
liberty middle school,cherry creek 5,colorado
altitude elementary school,cherry creek 5,colorado
sky vista middle school,cherry creek 5,colorado
colorado skies academy,cherry creek 5,colorado
antelope ridge elementary school,cherry creek 5,colorado
coyote hills elementary school,cherry creek 5,colorado
arrowhead elementary school,cherry creek 5,colorado
aspen crossing elementary school,cherry creek 5,colorado
belleview elementary school,cherry creek 5,colorado
buffalo trail elementary school,cherry creek 5,colorado
canyon creek elementary school,cherry creek 5,colorado
challenge school,cherry creek 5,colorado
campus middle school,cherry creek 5,colorado
west middle school,cherry creek 5,colorado
cherry creek charter academy,cherry creek 5,colorado
high plains elementary school,cherry creek 5,colorado
cherry hills village elementary school,cherry creek 5,colorado
cimarron elementary school,cherry creek 5,colorado
cottonwood creek elementary school,cherry creek 5,colorado
creekside elementary school,cherry creek 5,colorado
dakota valley elementary school,cherry creek 5,colorado
dry creek elementary school,cherry creek 5,colorado
eastridge community elementary school,cherry creek 5,colorado
falcon creek middle school,cherry creek 5,colorado
fox ridge middle school,cherry creek 5,colorado
greenwood elementary school,cherry creek 5,colorado
heritage elementary school,cherry creek 5,colorado
highline community elementary school,cherry creek 5,colorado
holly hills elementary school,cherry creek 5,colorado
homestead elementary school,cherry creek 5,colorado
horizon middle school,cherry creek 5,colorado
heritage heights academy,cherry creek 5,colorado
independence elementary school,cherry creek 5,colorado
indian ridge elementary school,cherry creek 5,colorado
black forest hills elementary school,cherry creek 5,colorado
laredo middle school,cherry creek 5,colorado
meadow point elementary school,cherry creek 5,colorado
mission viejo elementary school,cherry creek 5,colorado
mountain vista elementary school,cherry creek 5,colorado
peakview elementary school,cherry creek 5,colorado
pine ridge elementary school,cherry creek 5,colorado
polton community elementary school,cherry creek 5,colorado
ponderosa elementary school,cherry creek 5,colorado
prairie middle school,cherry creek 5,colorado
red hawk ridge elementary school,cherry creek 5,colorado
rolling hills elementary school,cherry creek 5,colorado
infinity middle school,cherry creek 5,colorado
sagebrush elementary school,cherry creek 5,colorado
sunrise elementary school,cherry creek 5,colorado
thunder ridge middle school,cherry creek 5,colorado
timberline elementary school,cherry creek 5,colorado
trails west elementary school,cherry creek 5,colorado
village east community elementary school,cherry creek 5,colorado
walnut hills community elementary school,cherry creek 5,colorado
willow creek elementary school,cherry creek 5,colorado
franklin elementary school,littleton 6,colorado
centennial academy of fine arts education,littleton 6,colorado
euclid middle school,littleton 6,colorado
field elementary school,littleton 6,colorado
goddard middle school,littleton 6,colorado
highland elementary school,littleton 6,colorado
newton middle school,littleton 6,colorado
john wesley powell middle school,littleton 6,colorado
littleton academy,littleton 6,colorado
littleton prep charter school,littleton 6,colorado
lois lenski elementary school,littleton 6,colorado
hopkins elementary school,littleton 6,colorado
twain elementary school,littleton 6,colorado
peabody elementary school,littleton 6,colorado
runyon elementary school,littleton 6,colorado
sandburg elementary school,littleton 6,colorado
moody elementary school,littleton 6,colorado
wilder elementary school,littleton 6,colorado
deer trail elementary school,deer trail 26j,colorado
deer trail junior-senior high school,deer trail 26j,colorado
academy of advanced learning,adams-arapahoe 28j,colorado
aurora science & tech middle school,adams-arapahoe 28j,colorado
axl academy,adams-arapahoe 28j,colorado
altura elementary school,adams-arapahoe 28j,colorado
arkansas elementary school,adams-arapahoe 28j,colorado
aurora academy charter school,adams-arapahoe 28j,colorado
aurora hills middle school,adams-arapahoe 28j,colorado
aurora frontier k-8,adams-arapahoe 28j,colorado
boston k-8 school,adams-arapahoe 28j,colorado
century elementary school,adams-arapahoe 28j,colorado
clyde miller k-8,adams-arapahoe 28j,colorado
columbia middle school,adams-arapahoe 28j,colorado
harmony ridge p-8,adams-arapahoe 28j,colorado
crawford elementary school,adams-arapahoe 28j,colorado
dalton elementary school,adams-arapahoe 28j,colorado
dartmouth elementary school,adams-arapahoe 28j,colorado
east middle school,adams-arapahoe 28j,colorado
elkhart elementary school,adams-arapahoe 28j,colorado
edna and john w. mosley p-8,adams-arapahoe 28j,colorado
fulton academy of excellence,adams-arapahoe 28j,colorado
global village academy aurora,adams-arapahoe 28j,colorado
iowa elementary school,adams-arapahoe 28j,colorado
jewell elementary school,adams-arapahoe 28j,colorado
kenton elementary school,adams-arapahoe 28j,colorado
lansing elementary community school,adams-arapahoe 28j,colorado
laredo elementary school,adams-arapahoe 28j,colorado
lotus school for excellence,adams-arapahoe 28j,colorado
lyn knoll elementary school,adams-arapahoe 28j,colorado
montview math & health sciences elementary school,adams-arapahoe 28j,colorado
mrachek middle school,adams-arapahoe 28j,colorado
murphy creek k-8 school,adams-arapahoe 28j,colorado
north middle school health sciences and technology,adams-arapahoe 28j,colorado
paris elementary school,adams-arapahoe 28j,colorado
park lane elementary school,adams-arapahoe 28j,colorado
peoria elementary school,adams-arapahoe 28j,colorado
aurora quest k-8,adams-arapahoe 28j,colorado
rocky mountain prep: fletcher,adams-arapahoe 28j,colorado
sable elementary school,adams-arapahoe 28j,colorado
side creek elementary school,adams-arapahoe 28j,colorado
sixth avenue elementary school,adams-arapahoe 28j,colorado
south middle school,adams-arapahoe 28j,colorado
tollgate elementary school of expeditionary learni,adams-arapahoe 28j,colorado
vega collegiate academy,adams-arapahoe 28j,colorado
vanguard classical school - west,adams-arapahoe 28j,colorado
vassar elementary school,adams-arapahoe 28j,colorado
vaughn elementary school,adams-arapahoe 28j,colorado
vista peak p-8 exploratory,adams-arapahoe 28j,colorado
virginia court elementary school,adams-arapahoe 28j,colorado
vanguard classical school - east,adams-arapahoe 28j,colorado
aurora west college preparatory academy,adams-arapahoe 28j,colorado
wheeling elementary school,adams-arapahoe 28j,colorado
yale elementary school,adams-arapahoe 28j,colorado
byers elementary school,byers 32j,colorado
byers junior-senior high school,byers 32j,colorado
pagosa springs elementary school,archuleta county 50 jt,colorado
pagosa springs middle school,archuleta county 50 jt,colorado
walsh elementary school,walsh re-1,colorado
springfield elementary school,springfield re-4,colorado
springfield junior/senior high school,springfield re-4,colorado
aim global,las animas re-1,colorado
las animas elementary school,las animas re-1,colorado
las animas junior high school,las animas re-1,colorado
mcclave elementary school,mcclave re-2,colorado
mcclave undivided high school,mcclave re-2,colorado
legacy elementary school,st vrain valley re1j,colorado
alpine elementary school,st vrain valley re1j,colorado
aspen ridge preparatory school,st vrain valley re1j,colorado
altona middle school,st vrain valley re1j,colorado
black rock elementary,st vrain valley re1j,colorado
blue mountain elementary,st vrain valley re1j,colorado
burlington elementary school,st vrain valley re1j,colorado
centennial elementary,st vrain valley re1j,colorado
carbon valley academy,st vrain valley re1j,colorado
central elementary school,st vrain valley re1j,colorado
columbine elementary school,st vrain valley re1j,colorado
eagle crest elementary school,st vrain valley re1j,colorado
erie elementary school,st vrain valley re1j,colorado
erie middle school,st vrain valley re1j,colorado
fall river elementary school,st vrain valley re1j,colorado
flagstaff charter academy,st vrain valley re1j,colorado
thunder valley pk-8,st vrain valley re1j,colorado
coal ridge middle school,st vrain valley re1j,colorado
grand view elementary,st vrain valley re1j,colorado
hygiene elementary school,st vrain valley re1j,colorado
indian peaks elementary school,st vrain valley re1j,colorado
firestone charter academy,st vrain valley re1j,colorado
red hawk elementary,st vrain valley re1j,colorado
longmont estates elementary school,st vrain valley re1j,colorado
sunset middle school,st vrain valley re1j,colorado
longs peak middle school,st vrain valley re1j,colorado
lyons elementary school,st vrain valley re1j,colorado
lyons middle/senior high school,st vrain valley re1j,colorado
mead elementary school,st vrain valley re1j,colorado
mead middle school,st vrain valley re1j,colorado
timberline pk-8,st vrain valley re1j,colorado
mountain view elementary school,st vrain valley re1j,colorado
niwot elementary school,st vrain valley re1j,colorado
northridge elementary school,st vrain valley re1j,colorado
prairie ridge elementary school,st vrain valley re1j,colorado
rocky mountain elementary school,st vrain valley re1j,colorado
sanborn elementary school,st vrain valley re1j,colorado
soaring heights pk-8,st vrain valley re1j,colorado
trail ridge middle school,st vrain valley re1j,colorado
twin peaks charter academy,st vrain valley re1j,colorado
westview middle school,st vrain valley re1j,colorado
aspen creek k-8 school,boulder valley re 2,colorado
bear creek elementary school,boulder valley re 2,colorado
birch elementary school,boulder valley re 2,colorado
boulder community school/integrated studies,boulder valley re 2,colorado
broomfield heights middle school,boulder valley re 2,colorado
manhattan middle school of the arts and academics,boulder valley re 2,colorado
casey middle school,boulder valley re 2,colorado
centennial middle school,boulder valley re 2,colorado
coal creek elementary school,boulder valley re 2,colorado
columbine elementary school,boulder valley re 2,colorado
community montessori school,boulder valley re 2,colorado
crest view elementary school,boulder valley re 2,colorado
douglass elementary school,boulder valley re 2,colorado
eisenhower elementary school,boulder valley re 2,colorado
eldorado k-8 school,boulder valley re 2,colorado
meadowlark school,boulder valley re 2,colorado
emerald elementary school,boulder valley re 2,colorado
fireside elementary school,boulder valley re 2,colorado
flatirons elementary school,boulder valley re 2,colorado
foothill elementary school,boulder valley re 2,colorado
heatherwood elementary school,boulder valley re 2,colorado
high peaks elementary school,boulder valley re 2,colorado
kohl elementary school,boulder valley re 2,colorado
lafayette elementary school,boulder valley re 2,colorado
angevine middle school,boulder valley re 2,colorado
louisville elementary school,boulder valley re 2,colorado
louisville middle school,boulder valley re 2,colorado
creekside elementary school at martin park,boulder valley re 2,colorado
mesa elementary school,boulder valley re 2,colorado
monarch k-8 school,boulder valley re 2,colorado
nederland elementary school,boulder valley re 2,colorado
nederland middle-senior high school,boulder valley re 2,colorado
nevin platt middle school,boulder valley re 2,colorado
horizons k-8 school,boulder valley re 2,colorado
peak to peak charter school,boulder valley re 2,colorado
pioneer bilingual elementary school,boulder valley re 2,colorado
ryan elementary school,boulder valley re 2,colorado
alicia sanchez international school,boulder valley re 2,colorado
southern hills middle school,boulder valley re 2,colorado
summit middle charter school,boulder valley re 2,colorado
superior elementary school,boulder valley re 2,colorado
university hill elementary school,boulder valley re 2,colorado
whittier elementary school,boulder valley re 2,colorado
buena vista middle school,buena vista r-31,colorado
avery/parsons elementary school,buena vista r-31,colorado
crest academy,salida r-32,colorado
salida middle school,salida r-32,colorado
longfellow elementary school,salida r-32,colorado
clear creek middle school,clear creek re-1,colorado
georgetown community school,clear creek re-1,colorado
centauri middle school,north conejos re-1j,colorado
la jara elementary school,north conejos re-1j,colorado
manassa elementary school,north conejos re-1j,colorado
sanford elementary school,sanford 6j,colorado
sanford junior/senior high school,sanford 6j,colorado
centennial school,centennial r-1,colorado
sierra grande k-12 school,sierra grande r-30,colorado
crowley county elementary k-6,crowley county re-1-j,colorado
crowley county junior and senior high school,crowley county re-1-j,colorado
custer county elementary school,custer county school district c-1,colorado
custer middle school,custer county school district c-1,colorado
cedaredge middle school,delta county 50(j),colorado
north fork montessori @ crawford,delta county 50(j),colorado
delta middle school,delta county 50(j),colorado
vision charter academy,delta county 50(j),colorado
garnet mesa elementary school,delta county 50(j),colorado
hotchkiss elementary school,delta county 50(j),colorado
cedaredge elementary school,delta county 50(j),colorado
lincoln elementary school,delta county 50(j),colorado
paonia elementary school,delta county 50(j),colorado
paonia high school,delta county 50(j),colorado
academy 360,denver county 1,colorado
john h. amesse elementary,denver county 1,colorado
asbury elementary school,denver county 1,colorado
ashley elementary school,denver county 1,colorado
barnum elementary school,denver county 1,colorado
bradley international school,denver county 1,colorado
american indian academy of denver,denver county 1,colorado
bromwell elementary school,denver county 1,colorado
brown international academy,denver county 1,colorado
bear valley international school,denver county 1,colorado
bryant webster dual language ece-8 school,denver county 1,colorado
carson elementary school,denver county 1,colorado
rocky mountain prep: berkeley,denver county 1,colorado
centennial a school for expeditionary learning,denver county 1,colorado
cheltenham elementary school,denver county 1,colorado
colfax elementary school,denver county 1,colorado
cole arts and science academy,denver county 1,colorado
college view elementary school,denver county 1,colorado
cory elementary school,denver county 1,colorado
cowell elementary school,denver county 1,colorado
compass academy,denver county 1,colorado
polaris elementary school,denver county 1,colorado
dsst: montview middle school,denver county 1,colorado
dsst: henry middle school,denver county 1,colorado
denver language school,denver county 1,colorado
denver center for international studies at fairmon,denver county 1,colorado
denver montessori junior/senior high school,denver county 1,colorado
denison montessori school,denver county 1,colorado
denver green school northfield,denver county 1,colorado
dsst: green valley ranch middle school,denver county 1,colorado
denver center for international studies,denver county 1,colorado
denver school of the arts,denver county 1,colorado
dsst: byers middle school,denver county 1,colorado
dsst middle school @ noel campus,denver county 1,colorado
dcis at ford,denver county 1,colorado
downtown denver expeditionary school,denver county 1,colorado
dcis at montbello,denver county 1,colorado
dsst: conservatory green middle school,denver county 1,colorado
dsst: cole middle school,denver county 1,colorado
denver discovery school,denver county 1,colorado
edison elementary school,denver county 1,colorado
ellis elementary school,denver county 1,colorado
fairview elementary school,denver county 1,colorado
force elementary school,denver county 1,colorado
garden place academy,denver county 1,colorado
lena archuleta elementary school,denver county 1,colorado
godsman elementary school,denver county 1,colorado
goldrick elementary school,denver county 1,colorado
grant beacon middle school,denver county 1,colorado
grant ranch ece-8 school,denver county 1,colorado
girls athletic leadership school middle school,denver county 1,colorado
green valley elementary school,denver county 1,colorado
marie l. greenwood academy,denver county 1,colorado
center for talent development at greenlee,denver county 1,colorado
creativity challenge community,denver county 1,colorado
gust elementary school,denver county 1,colorado
hamilton middle school,denver county 1,colorado
highline academy southeast,denver county 1,colorado
hill campus of arts and sciences,denver county 1,colorado
willow elementary school,denver county 1,colorado
highline academy northeast,denver county 1,colorado
holm elementary school,denver county 1,colorado
farrell b. howell ece-8 school,denver county 1,colorado
isabella bird community school,denver county 1,colorado
inspire elementary,denver county 1,colorado
dsst: college view middle school,denver county 1,colorado
joe shoemaker school,denver county 1,colorado
johnson elementary school,denver county 1,colorado
kaiser elementary school,denver county 1,colorado
kipp northeast elementary,denver county 1,colorado
kipp northeast denver middle school,denver county 1,colorado
kepner beacon middle school,denver county 1,colorado
kipp sunshine peak academy,denver county 1,colorado
knapp elementary school,denver county 1,colorado
hallett academy,denver county 1,colorado
kunsmiller creative arts academy,denver county 1,colorado
lincoln elementary school,denver county 1,colorado
lowry elementary school,denver county 1,colorado
marrama elementary school,denver county 1,colorado
dr. martin luther king jr. early college,denver county 1,colorado
monarch montessori,denver county 1,colorado
maxwell elementary school,denver county 1,colorado
mcglone academy,denver county 1,colorado
mckinley-thatcher elementary school,denver county 1,colorado
mcmeen elementary school,denver county 1,colorado
merrill middle school,denver county 1,colorado
mcauliffe international school,denver county 1,colorado
mcauliffe manual middle school,denver county 1,colorado
montclair school of academics and enrichment,denver county 1,colorado
dora moore ece-8 school,denver county 1,colorado
morey middle school,denver county 1,colorado
munroe elementary school,denver county 1,colorado
noel community arts school,denver county 1,colorado
newlon elementary school,denver county 1,colorado
bruce randolph school,denver county 1,colorado
odyssey school of denver,denver county 1,colorado
omar d blair charter school,denver county 1,colorado
palmer elementary school,denver county 1,colorado
park hill school,denver county 1,colorado
university prep - steele st.,denver county 1,colorado
florida pitt-waller ece-8 school,denver county 1,colorado
place bridge academy,denver county 1,colorado
rocky mountain prep: creekside,denver county 1,colorado
rocky mountain prep: southwest,denver county 1,colorado
sabin world school,denver county 1,colorado
schmitt elementary school,denver county 1,colorado
strive prep - kepner,denver county 1,colorado
skinner middle school,denver county 1,colorado
smith elementary school,denver county 1,colorado
soar at green valley ranch,denver county 1,colorado
strive prep - federal,denver county 1,colorado
oakland elementary,denver county 1,colorado
southmoor elementary school,denver county 1,colorado
steck elementary school,denver county 1,colorado
stedman elementary school,denver county 1,colorado
steele elementary school,denver county 1,colorado
strive prep - ruby hill,denver county 1,colorado
swansea elementary school,denver county 1,colorado
swigert international school,denver county 1,colorado
teller elementary school,denver county 1,colorado
traylor academy,denver county 1,colorado
trevista at horace mann,denver county 1,colorado
university prep - arapahoe st.,denver county 1,colorado
university park elementary school,denver county 1,colorado
valverde elementary school,denver county 1,colorado
strive prep - sunnyside,denver county 1,colorado
strive prep - westwood,denver county 1,colorado
strive prep - lake,denver county 1,colorado
westerly creek elementary,denver county 1,colorado
castro elementary school,denver county 1,colorado
whittier ece-8 school,denver county 1,colorado
william (bill) roberts ece-8 school,denver county 1,colorado
west early college,denver county 1,colorado
strive prep - green valley ranch,denver county 1,colorado
strive prep - montbello,denver county 1,colorado
wyatt academy,denver county 1,colorado
academy charter school,douglas county re 1,colorado
acres green elementary school,douglas county re 1,colorado
ben franklin academy,douglas county re 1,colorado
american academy,douglas county re 1,colorado
cimarron middle,douglas county re 1,colorado
clear sky elementary,douglas county re 1,colorado
gold rush elementary,douglas county re 1,colorado
mesa middle school,douglas county re 1,colorado
arrowwood elementary school,douglas county re 1,colorado
bear canyon elementary school,douglas county re 1,colorado
buffalo ridge elementary school,douglas county re 1,colorado
castle rock elementary school,douglas county re 1,colorado
challenge to excellence charter school,douglas county re 1,colorado
north star academy,douglas county re 1,colorado
parker core knowledge charter school,douglas county re 1,colorado
copper mesa elementary school,douglas county re 1,colorado
cougar run elementary school,douglas county re 1,colorado
coyote creek elementary school,douglas county re 1,colorado
cresthill middle school,douglas county re 1,colorado
castle rock middle school,douglas county re 1,colorado
rock ridge elementary school,douglas county re 1,colorado
cherokee trail elementary school,douglas county re 1,colorado
eagle ridge elementary school,douglas county re 1,colorado
eldorado elementary school,douglas county re 1,colorado
mammoth heights elementary,douglas county re 1,colorado
stone mountain elementary,douglas county re 1,colorado
roxborough intermediate,douglas county re 1,colorado
flagstone elementary school,douglas county re 1,colorado
fox creek elementary school,douglas county re 1,colorado
franktown elementary school,douglas county re 1,colorado
frontier valley elementary school,douglas county re 1,colorado
global village academy - douglas county,douglas county re 1,colorado
hope online learning academy middle school,douglas county re 1,colorado
heritage elementary school,douglas county re 1,colorado
iron horse elementary school,douglas county re 1,colorado
larkspur elementary school,douglas county re 1,colorado
legacy point elementary school,douglas county re 1,colorado
leman classical academy,douglas county re 1,colorado
stem school highlands ranch,douglas county re 1,colorado
sage canyon elementary,douglas county re 1,colorado
meadow view elementary school,douglas county re 1,colorado
lone tree elementary,douglas county re 1,colorado
dc montessori charter school,douglas county re 1,colorado
aspen view academy,douglas county re 1,colorado
mountain ridge middle school,douglas county re 1,colorado
skyview academy,douglas county re 1,colorado
northeast elementary school,douglas county re 1,colorado
northridge elementary school,douglas county re 1,colorado
parker performing arts,douglas county re 1,colorado
sagewood middle school,douglas county re 1,colorado
sierra middle school,douglas county re 1,colorado
pine grove elementary school,douglas county re 1,colorado
pine lane elementary,douglas county re 1,colorado
pioneer elementary school,douglas county re 1,colorado
platte river charter academy,douglas county re 1,colorado
prairie crossing elementary school,douglas county re 1,colorado
renaissance secondary school,douglas county re 1,colorado
ranch view middle school,douglas county re 1,colorado
redstone elementary school,douglas county re 1,colorado
renaissance expedition learn outward bound school,douglas county re 1,colorado
rocky heights middle school,douglas county re 1,colorado
saddle ranch elementary school,douglas county re 1,colorado
sand creek elementary school,douglas county re 1,colorado
sedalia elementary school,douglas county re 1,colorado
soaring hawk elementary school,douglas county re 1,colorado
south ridge elementary an ib world school,douglas county re 1,colorado
summit view elementary school,douglas county re 1,colorado
timber trail elementary school,douglas county re 1,colorado
trailblazer elementary school,douglas county re 1,colorado
world compass academy,douglas county re 1,colorado
wildcat mountain elementary school,douglas county re 1,colorado
red hill elementary school,eagle county re 50,colorado
brush creek elementary school,eagle county re 50,colorado
gypsum creek middle school,eagle county re 50,colorado
avon elementary school,eagle county re 50,colorado
berry creek middle school,eagle county re 50,colorado
eagle county charter academy,eagle county re 50,colorado
eagle valley elementary school,eagle county re 50,colorado
eagle valley middle school,eagle county re 50,colorado
edwards elementary school,eagle county re 50,colorado
gypsum elementary school,eagle county re 50,colorado
homestake peak school,eagle county re 50,colorado
red sandstone elementary school,eagle county re 50,colorado
vail ski and snowboard academy (vssa),eagle county re 50,colorado
legacy academy,elizabeth school district,colorado
elizabeth middle school,elizabeth school district,colorado
running creek elementary school,elizabeth school district,colorado
singing hills elementary school,elizabeth school district,colorado
kiowa elementary school,kiowa c-2,colorado
kiowa middle school,kiowa c-2,colorado
simla elementary school,big sandy 100j,colorado
simla junior high school,big sandy 100j,colorado
elbert elementary school,elbert 200,colorado
elbert junior-senior high school,elbert 200,colorado
calhan elementary school,calhan rj-1,colorado
calhan secondary school,calhan rj-1,colorado
atlas preparatory middle school,harrison 2,colorado
bricker elementary school,harrison 2,colorado
carmel middle school,harrison 2,colorado
centennial elementary school,harrison 2,colorado
giberson elementary school,harrison 2,colorado
fox meadow middle school,harrison 2,colorado
james irwin charter middle school,harrison 2,colorado
james irwin charter elementary school,harrison 2,colorado
monterey elementary school,harrison 2,colorado
mountain vista community school,harrison 2,colorado
oak creek elementary school,harrison 2,colorado
otero elementary school,harrison 2,colorado
panorama middle school,harrison 2,colorado
pikes peak elementary school,harrison 2,colorado
sand creek international elementary school,harrison 2,colorado
soaring eagles elementary school,harrison 2,colorado
stratmoor hills elementary school,harrison 2,colorado
stratton meadows elementary school,harrison 2,colorado
turman elementary school,harrison 2,colorado
wildflower elementary school,harrison 2,colorado
french elementary school,widefield 3,colorado
grand mountain school,widefield 3,colorado
talbott steam innovation school,widefield 3,colorado
janitell junior high school,widefield 3,colorado
martin luther king jr elementary school,widefield 3,colorado
pinello elementary school,widefield 3,colorado
venetucci elementary school,widefield 3,colorado
sproul junior high school,widefield 3,colorado
sunrise elementary school,widefield 3,colorado
watson junior high school,widefield 3,colorado
webster elementary school,widefield 3,colorado
widefield elementary school of the arts,widefield 3,colorado
carson middle school,fountain 8,colorado
abrams elementary school,fountain 8,colorado
eagleside elementary school,fountain 8,colorado
aragon elementary school,fountain 8,colorado
fountain middle school,fountain 8,colorado
mesa elementary school,fountain 8,colorado
jordahl elementary school,fountain 8,colorado
mountainside elementary school,fountain 8,colorado
patriot elementary school,fountain 8,colorado
weikel elementary school,fountain 8,colorado
audubon elementary school,colorado springs 11,colorado
academy for advanced and creative learning,colorado springs 11,colorado
bristol elementary school,colorado springs 11,colorado
buena vista elementary school,colorado springs 11,colorado
carver elementary school,colorado springs 11,colorado
chipeta elementary school,colorado springs 11,colorado
mcauliffe elementary,colorado springs 11,colorado
columbia elementary school,colorado springs 11,colorado
edison elementary school,colorado springs 11,colorado
freedom elementary school,colorado springs 11,colorado
fremont elementary school,colorado springs 11,colorado
galileo school of math and science,colorado springs 11,colorado
globe charter school,colorado springs 11,colorado
grant elementary school,colorado springs 11,colorado
adams elementary school,colorado springs 11,colorado
henry elementary school,colorado springs 11,colorado
holmes middle school,colorado springs 11,colorado
mann middle school,colorado springs 11,colorado
howbert elementary school,colorado springs 11,colorado
jackson elementary school,colorado springs 11,colorado
jenkins middle school,colorado springs 11,colorado
keller elementary school,colorado springs 11,colorado
madison elementary school,colorado springs 11,colorado
twain elementary school,colorado springs 11,colorado
king elementary school,colorado springs 11,colorado
martinez elementary school,colorado springs 11,colorado
midland elementary school,colorado springs 11,colorado
monroe elementary school,colorado springs 11,colorado
north middle school,colorado springs 11,colorado
penrose elementary school,colorado springs 11,colorado
queen palmer elementary school,colorado springs 11,colorado
roosevelt charter academy,colorado springs 11,colorado
rudy elementary school,colorado springs 11,colorado
russell middle school,colorado springs 11,colorado
sabin middle school,colorado springs 11,colorado
scott elementary school,colorado springs 11,colorado
steele elementary school,colorado springs 11,colorado
stratton elementary school,colorado springs 11,colorado
jack swigert aerospace academy,colorado springs 11,colorado
taylor elementary school,colorado springs 11,colorado
trailblazer elementary school,colorado springs 11,colorado
west middle school,colorado springs 11,colorado
west elementary school,colorado springs 11,colorado
rogers elementary school,colorado springs 11,colorado
wilson elementary school,colorado springs 11,colorado
the vanguard school (elementary),cheyenne mountain 12,colorado
cheyenne mountain elementary school,cheyenne mountain 12,colorado
cheyenne mountain junior high school,cheyenne mountain 12,colorado
broadmoor elementary school,cheyenne mountain 12,colorado
skyway park elementary school,cheyenne mountain 12,colorado
gold camp elementary school,cheyenne mountain 12,colorado
pinon valley elementary school,cheyenne mountain 12,colorado
the vanguard school (middle),cheyenne mountain 12,colorado
manitou springs elementary school,manitou springs 14,colorado
manitou springs middle school,manitou springs 14,colorado
ute pass elementary school,manitou springs 14,colorado
academy endeavour elementary school,academy 20,colorado
academy international elementary school,academy 20,colorado
challenger middle school,academy 20,colorado
aspen valley campus,academy 20,colorado
antelope trails elementary school,academy 20,colorado
chinook trail middle school,academy 20,colorado
chinook trail elementary school,academy 20,colorado
the classical academy charter,academy 20,colorado
the classical academy middle school,academy 20,colorado
discovery canyon campus middle school,academy 20,colorado
discovery canyon campus elementary school,academy 20,colorado
douglass valley elementary school,academy 20,colorado
eagleview middle school,academy 20,colorado
edith wolford elementary school,academy 20,colorado
explorer elementary school,academy 20,colorado
foothills elementary school,academy 20,colorado
frontier elementary school,academy 20,colorado
high plains elementary school,academy 20,colorado
mountain ridge middle school,academy 20,colorado
mountain view elementary school,academy 20,colorado
new summit charter academy,academy 20,colorado
legacy peak elementary school,academy 20,colorado
pioneer elementary school,academy 20,colorado
prairie hills elementary school,academy 20,colorado
ranch creek elementary,academy 20,colorado
rockrimmon elementary school,academy 20,colorado
tca college pathways,academy 20,colorado
the da vinci academy school,academy 20,colorado
timberview middle school,academy 20,colorado
woodmen-roberts elementary school,academy 20,colorado
ellicott elementary school,ellicott 22,colorado
ellicott middle school,ellicott 22,colorado
peyton elementary school,peyton 23 jt,colorado
peyton junior high school,peyton 23 jt,colorado
hanover junior-senior high school,hanover 28,colorado
prairie heights elementary school,hanover 28,colorado
monument charter academy,lewis-palmer 38,colorado
bear creek elementary school,lewis-palmer 38,colorado
ray e kilmer elementary school,lewis-palmer 38,colorado
monument charter academy secondary school,lewis-palmer 38,colorado
lewis-palmer elementary school,lewis-palmer 38,colorado
lewis-palmer middle school,lewis-palmer 38,colorado
palmer lake elementary school,lewis-palmer 38,colorado
prairie winds elementary school,lewis-palmer 38,colorado
mountain view academy,district 49,colorado
banning lewis ranch academy,district 49,colorado
bennett ranch elementary school,district 49,colorado
evans elementary school,district 49,colorado
falcon elementary school of technology,district 49,colorado
falcon middle school,district 49,colorado
horizon middle school,district 49,colorado
grand peak academy,district 49,colorado
liberty tree academy,district 49,colorado
meridian ranch elementary school,district 49,colorado
power technical early college,district 49,colorado
remington elementary school,district 49,colorado
ridgeview elementary school,district 49,colorado
rocky mountain classical academy,district 49,colorado
skyview middle school,district 49,colorado
springs ranch elementary school,district 49,colorado
stetson elementary school,district 49,colorado
woodmen hills elementary school,district 49,colorado
miami/yoder elementary school,miami/yoder 60 jt,colorado
miami-yoder middle/high school,miami/yoder 60 jt,colorado
canon city middle school,canon city re-1,colorado
harrison school,canon city re-1,colorado
lincoln school of science and technology,canon city re-1,colorado
mckinley elementary school,canon city re-1,colorado
mount view core knowledge charter school,canon city re-1,colorado
canon exploratory school,canon city re-1,colorado
washington elementary school,canon city re-1,colorado
florence jr./sr. high school,fremont re-2,colorado
fremont elementary school,fremont re-2,colorado
penrose elementary school,fremont re-2,colorado
cotopaxi elementary school,cotopaxi re-3,colorado
carbondale community charter school,roaring fork re-1,colorado
basalt elementary school,roaring fork re-1,colorado
basalt middle school,roaring fork re-1,colorado
carbondale middle school,roaring fork re-1,colorado
crystal river elementary school,roaring fork re-1,colorado
glenwood springs elementary school,roaring fork re-1,colorado
glenwood springs middle school,roaring fork re-1,colorado
riverview school,roaring fork re-1,colorado
sopris elementary school,roaring fork re-1,colorado
elk creek elementary,garfield re-2,colorado
graham mesa elementary school,garfield re-2,colorado
highland elementary school,garfield re-2,colorado
kathryn senor elementary school,garfield re-2,colorado
rifle middle school,garfield re-2,colorado
riverside school,garfield re-2,colorado
cactus valley elementary school,garfield re-2,colorado
wamsley elementary school,garfield re-2,colorado
bea underwood elementary school,garfield 16,colorado
grand valley middle school,garfield 16,colorado
gilpin county elementary school,gilpin county re-1,colorado
gilpin county undivided high school,gilpin county re-1,colorado
west grand elementary and middle school,west grand 1-jt,colorado
east grand middle school,east grand 2,colorado
fraser valley elementary school,east grand 2,colorado
granby elementary school,east grand 2,colorado
crested butte elementary school,gunnison watershed re1j,colorado
crested butte secondary school,gunnison watershed re1j,colorado
gunnison elementary school,gunnison watershed re1j,colorado
gunnison middle school,gunnison watershed re1j,colorado
peakview school,huerfano re-1,colorado
adams elementary school,jefferson county r-1,colorado
alameda international junior/senior high school,jefferson county r-1,colorado
arvada k-8,jefferson county r-1,colorado
allendale elementary school,jefferson county r-1,colorado
addenbrooke classical grammar school,jefferson county r-1,colorado
bear creek k-8 school,jefferson county r-1,colorado
bell middle school,jefferson county r-1,colorado
belmar school of integrated arts,jefferson county r-1,colorado
bergen valley intermediate school,jefferson county r-1,colorado
bradford k8 south,jefferson county r-1,colorado
blue heron elementary school,jefferson county r-1,colorado
bradford k8 north,jefferson county r-1,colorado
campbell elementary school,jefferson county r-1,colorado
carmody middle school,jefferson county r-1,colorado
addenbrooke classical academy,jefferson county r-1,colorado
coal creek canyon k-8 elementary school,jefferson county r-1,colorado
colorow elementary school,jefferson county r-1,colorado
columbine hills elementary school,jefferson county r-1,colorado
compass montessori - wheat ridge charter school,jefferson county r-1,colorado
coronado elementary school,jefferson county r-1,colorado
compass montessori - golden charter school,jefferson county r-1,colorado
creighton middle school,jefferson county r-1,colorado
d'evelyn junior/senior high school,jefferson county r-1,colorado
deer creek middle school,jefferson county r-1,colorado
doral academy of colorado,jefferson county r-1,colorado
devinny elementary school,jefferson county r-1,colorado
drake junior high school,jefferson county r-1,colorado
dunstan middle school,jefferson county r-1,colorado
dutch creek elementary school,jefferson county r-1,colorado
edgewater elementary school,jefferson county r-1,colorado
eiber elementary school,jefferson county r-1,colorado
elk creek elementary school,jefferson county r-1,colorado
excel academy charter school,jefferson county r-1,colorado
everitt middle school,jefferson county r-1,colorado
evergreen middle school,jefferson county r-1,colorado
fairmount elementary school,jefferson county r-1,colorado
fitzmorris elementary school,jefferson county r-1,colorado
falcon bluffs middle school,jefferson county r-1,colorado
foothills elementary school,jefferson county r-1,colorado
foster dual language pk-8,jefferson county r-1,colorado
free horizon montessori,jefferson county r-1,colorado
fremont elementary school,jefferson county r-1,colorado
glennon heights elementary school,jefferson county r-1,colorado
governor's ranch elementary school,jefferson county r-1,colorado
green gables elementary school,jefferson county r-1,colorado
green mountain elementary school,jefferson county r-1,colorado
hackberry hill elementary school,jefferson county r-1,colorado
hutchinson elementary school,jefferson county r-1,colorado
jefferson academy elementary,jefferson county r-1,colorado
jefferson academy,jefferson county r-1,colorado
jefferson junior/senior high school,jefferson county r-1,colorado
sheridan green elementary school,jefferson county r-1,colorado
ken caryl middle school,jefferson county r-1,colorado
kendallvue elementary school,jefferson county r-1,colorado
kendrick lakes elementary school,jefferson county r-1,colorado
kullerstrand elementary school,jefferson county r-1,colorado
kyffin elementary school,jefferson county r-1,colorado
lasley elementary school,jefferson county r-1,colorado
lawrence elementary school,jefferson county r-1,colorado
leawood elementary school,jefferson county r-1,colorado
lincoln charter academy,jefferson county r-1,colorado
little elementary school,jefferson county r-1,colorado
lukas elementary school,jefferson county r-1,colorado
lumberg elementary school,jefferson county r-1,colorado
mandalay middle school,jefferson county r-1,colorado
manning options school,jefferson county r-1,colorado
maple grove elementary school,jefferson county r-1,colorado
marshdale elementary school,jefferson county r-1,colorado
meiklejohn elementary,jefferson county r-1,colorado
mitchell elementary school,jefferson county r-1,colorado
molholm elementary school,jefferson county r-1,colorado
montessori peaks charter academy,jefferson county r-1,colorado
moore middle school,jefferson county r-1,colorado
mortensen elementary school,jefferson county r-1,colorado
mount carbon elementary school,jefferson county r-1,colorado
mountain phoenix community school,jefferson county r-1,colorado
normandy elementary school,jefferson county r-1,colorado
north arvada middle school,jefferson county r-1,colorado
oberon junior high school,jefferson county r-1,colorado
jefferson county open elementary school,jefferson county r-1,colorado
jefferson county open secondary,jefferson county r-1,colorado
parmalee elementary school,jefferson county r-1,colorado
parr elementary school,jefferson county r-1,colorado
patterson international school,jefferson county r-1,colorado
peck elementary school,jefferson county r-1,colorado
peiffer elementary school,jefferson county r-1,colorado
peak expeditionary - pennington,jefferson county r-1,colorado
powderhorn elementary school,jefferson county r-1,colorado
prospect valley elementary school,jefferson county r-1,colorado
ralston elementary school,jefferson county r-1,colorado
red rocks elementary school,jefferson county r-1,colorado
rocky mountain academy of evergreen,jefferson county r-1,colorado
rose stein international elementary,jefferson county r-1,colorado
rooney ranch elementary school,jefferson county r-1,colorado
ryan elementary school,jefferson county r-1,colorado
collegiate academy of colorado,jefferson county r-1,colorado
secrest elementary school,jefferson county r-1,colorado
semper elementary school,jefferson county r-1,colorado
shaffer elementary school,jefferson county r-1,colorado
shelton elementary school,jefferson county r-1,colorado
sierra elementary school,jefferson county r-1,colorado
slater elementary school,jefferson county r-1,colorado
deane elementary school,jefferson county r-1,colorado
south lakewood elementary school,jefferson county r-1,colorado
stevens elementary school,jefferson county r-1,colorado
emory elementary school,jefferson county r-1,colorado
stober elementary school,jefferson county r-1,colorado
stony creek elementary school,jefferson county r-1,colorado
stott elementary school,jefferson county r-1,colorado
summit ridge middle school,jefferson county r-1,colorado
swanson elementary school,jefferson county r-1,colorado
two roads charter school,jefferson county r-1,colorado
thomson elementary school,jefferson county r-1,colorado
three creeks k-8,jefferson county r-1,colorado
ute meadows elementary school,jefferson county r-1,colorado
van arsdale elementary school,jefferson county r-1,colorado
vanderhoof elementary school,jefferson county r-1,colorado
vivian elementary school,jefferson county r-1,colorado
warder elementary school,jefferson county r-1,colorado
wayne carle middle school,jefferson county r-1,colorado
weber elementary school,jefferson county r-1,colorado
welchester elementary school,jefferson county r-1,colorado
westgate elementary school,jefferson county r-1,colorado
west jefferson elementary school,jefferson county r-1,colorado
woodrow wilson charter academy,jefferson county r-1,colorado
west jefferson middle school,jefferson county r-1,colorado
west woods elementary school,jefferson county r-1,colorado
dennison elementary school,jefferson county r-1,colorado
westridge elementary school,jefferson county r-1,colorado
wilmore davis elementary school,jefferson county r-1,colorado
wilmot elementary school,jefferson county r-1,colorado
witt elementary school,jefferson county r-1,colorado
eads elementary school,eads re-1,colorado
eads middle school,eads re-1,colorado
stratton elementary school,stratton r-4,colorado
burlington elementary school,burlington re-6j,colorado
burlington middle school,burlington re-6j,colorado
lake county intermediate school,lake county r-1,colorado
lake county high school,lake county r-1,colorado
animas valley elementary school,durango 9-r,colorado
colorado connections academy @ durango,durango 9-r,colorado
florida mesa elementary school,durango 9-r,colorado
the juniper school,durango 9-r,colorado
miller middle school,durango 9-r,colorado
needham elementary school,durango 9-r,colorado
park elementary school,durango 9-r,colorado
riverview elementary school,durango 9-r,colorado
escalante middle school,durango 9-r,colorado
sunnyside elementary school,durango 9-r,colorado
bayfield intermediate school,bayfield 10 jt-r,colorado
bayfield middle school,bayfield 10 jt-r,colorado
ignacio elementary school,ignacio 11 jt,colorado
ignacio middle school,ignacio 11 jt,colorado
ridgeview classical charter schools,poudre r-1,colorado
psd mountain schools,poudre r-1,colorado
zach elementary school,poudre r-1,colorado
bacon elementary school,poudre r-1,colorado
bethke elementary school,poudre r-1,colorado
bauder elementary school,poudre r-1,colorado
beattie elementary school,poudre r-1,colorado
bennett elementary school,poudre r-1,colorado
blevins middle school,poudre r-1,colorado
boltz middle school,poudre r-1,colorado
cache la poudre elementary school,poudre r-1,colorado
cache la poudre middle school,poudre r-1,colorado
compass community collaborative school,poudre r-1,colorado
dunn elementary school,poudre r-1,colorado
harris bilingual elementary school,poudre r-1,colorado
irish elementary school,poudre r-1,colorado
johnson elementary school,poudre r-1,colorado
kinard core knowledge middle school,poudre r-1,colorado
kruse elementary school,poudre r-1,colorado
laurel elementary school,poudre r-1,colorado
lesher middle school,poudre r-1,colorado
liberty common charter school,poudre r-1,colorado
lincoln middle school,poudre r-1,colorado
linton elementary school,poudre r-1,colorado
lopez elementary school,poudre r-1,colorado
mcgraw elementary school,poudre r-1,colorado
mountain sage community school,poudre r-1,colorado
o'dea elementary school,poudre r-1,colorado
olander elementary school,poudre r-1,colorado
polaris expeditionary learning school,poudre r-1,colorado
preston middle school,poudre r-1,colorado
putnam elementary school,poudre r-1,colorado
rice elementary school,poudre r-1,colorado
riffenburgh elementary school,poudre r-1,colorado
shepardson elementary school,poudre r-1,colorado
tavelli elementary school,poudre r-1,colorado
timnath elementary school,poudre r-1,colorado
traut core elementary school,poudre r-1,colorado
webber middle school,poudre r-1,colorado
eyestone elementary school,poudre r-1,colorado
wellington middle school,poudre r-1,colorado
werner elementary school,poudre r-1,colorado
conrad ball middle school,thompson r2-j,colorado
berthoud elementary school,thompson r2-j,colorado
b f kitchen elementary school,thompson r2-j,colorado
big thompson elementary school,thompson r2-j,colorado
mary blair elementary school,thompson r2-j,colorado
carrie martin elementary school,thompson r2-j,colorado
centennial elementary school,thompson r2-j,colorado
cottonwood plains elementary school,thompson r2-j,colorado
coyote ridge elementary school,thompson r2-j,colorado
garfield elementary school,thompson r2-j,colorado
high plains school,thompson r2-j,colorado
ivy stockwell elementary school,thompson r2-j,colorado
laurene edmondson elementary school,thompson r2-j,colorado
lincoln elementary school,thompson r2-j,colorado
loveland classical school,thompson r2-j,colorado
bill reed middle school,thompson r2-j,colorado
lucile erwin middle school,thompson r2-j,colorado
monroe elementary school,thompson r2-j,colorado
namaqua elementary school,thompson r2-j,colorado
new vision charter school,thompson r2-j,colorado
ponderosa elementary,thompson r2-j,colorado
sarah milner elementary school,thompson r2-j,colorado
truscott elementary school,thompson r2-j,colorado
turner middle school,thompson r2-j,colorado
walt clark middle school,thompson r2-j,colorado
winona elementary school,thompson r2-j,colorado
estes park k-5 school,estes park r-3,colorado
estes park middle school,estes park r-3,colorado
trinidad middle school,trinidad 1,colorado
fisher's peak elementary school,trinidad 1,colorado
primero elementary school,primero reorganized 2,colorado
primero junior-senior high school,primero reorganized 2,colorado
hoehne schools,hoehne reorganized 3,colorado
genoa-hugo school,genoa-hugo c113,colorado
limon elementary school,limon re-4j,colorado
limon junior-senior high school,limon re-4j,colorado
caliche elementary school,valley re-1,colorado
caliche junior-senior high school,valley re-1,colorado
campbell elementary school,valley re-1,colorado
sterling middle school,valley re-1,colorado
plateau valley elementary school,plateau valley 50,colorado
plateau valley middle school,plateau valley 50,colorado
appleton elementary school,mesa county valley 51,colorado
fruita 8/9 school,mesa county valley 51,colorado
rim rock elementary school,mesa county valley 51,colorado
pear park elementary school,mesa county valley 51,colorado
bookcliff middle school,mesa county valley 51,colorado
broadway elementary school,mesa county valley 51,colorado
monument ridge elementary school,mesa county valley 51,colorado
chatfield elementary school,mesa county valley 51,colorado
chipeta elementary school,mesa county valley 51,colorado
clifton elementary school,mesa county valley 51,colorado
independence academy,mesa county valley 51,colorado
dos rios elementary school,mesa county valley 51,colorado
dual immersion academy school,mesa county valley 51,colorado
east middle school,mesa county valley 51,colorado
new emerson school at columbus,mesa county valley 51,colorado
fruita middle school,mesa county valley 51,colorado
fruitvale elementary school,mesa county valley 51,colorado
grand mesa middle school,mesa county valley 51,colorado
grand river academy,mesa county valley 51,colorado
juniper ridge community school,mesa county valley 51,colorado
lincoln orchard mesa elementary school,mesa county valley 51,colorado
loma elementary school,mesa county valley 51,colorado
mesa valley community school,mesa county valley 51,colorado
mesa view elementary school,mesa county valley 51,colorado
mount garfield middle school,mesa county valley 51,colorado
nisley elementary school,mesa county valley 51,colorado
orchard avenue elementary school,mesa county valley 51,colorado
orchard mesa middle school,mesa county valley 51,colorado
pomona elementary school,mesa county valley 51,colorado
redlands middle school,mesa county valley 51,colorado
rocky mountain elementary school,mesa county valley 51,colorado
shelledy elementary school,mesa county valley 51,colorado
taylor elementary school,mesa county valley 51,colorado
thunder mountain elementary school,mesa county valley 51,colorado
tope elementary school,mesa county valley 51,colorado
west middle school,mesa county valley 51,colorado
scenic elementary school,mesa county valley 51,colorado
wingate elementary school,mesa county valley 51,colorado
sandrock elementary,moffat county re: no 1,colorado
craig middle school,moffat county re: no 1,colorado
ridgeview elementary school,moffat county re: no 1,colorado
sunset elementary school,moffat county re: no 1,colorado
battle rock charter school,montezuma-cortez re-1,colorado
montezuma-cortez middle school,montezuma-cortez re-1,colorado
children's kiva montessori school,montezuma-cortez re-1,colorado
kemper elementary school,montezuma-cortez re-1,colorado
lewis-arriola elementary school,montezuma-cortez re-1,colorado
manaugh elementary school,montezuma-cortez re-1,colorado
mesa elementary school,montezuma-cortez re-1,colorado
dolores elementary school,dolores re-4a,colorado
dolores secondary school,dolores re-4a,colorado
centennial middle school,montrose county re-1j,colorado
cottonwood elementary school,montrose county re-1j,colorado
johnson elementary school,montrose county re-1j,colorado
columbine middle school,montrose county re-1j,colorado
peak virtual academy,montrose county re-1j,colorado
northside elementary school,montrose county re-1j,colorado
oak grove elementary school,montrose county re-1j,colorado
olathe elementary school,montrose county re-1j,colorado
olathe middle school,montrose county re-1j,colorado
pomona elementary school,montrose county re-1j,colorado
naturita elementary school,west end re-2,colorado
baker elementary school,fort morgan re-3,colorado
columbine elementary school,fort morgan re-3,colorado
fort morgan middle school,fort morgan re-3,colorado
green acres elementary school,fort morgan re-3,colorado
pioneer elementary school,fort morgan re-3,colorado
weldon valley elementary school,weldon valley re-20(j),colorado
weldon valley jr/sr high school,weldon valley re-20(j),colorado
wiggins middle school,wiggins re-50(j),colorado
wiggins elementary school,wiggins re-50(j),colorado
la junta intermediate school,east otero r-1,colorado
la junta jr/sr high school,east otero r-1,colorado
jefferson intermediate school,rocky ford r-2,colorado
rocky ford junior/senior high school,rocky ford r-2,colorado
manzanola junior-senior high school,manzanola 3j,colorado
fowler elementary school,fowler r-4j,colorado
fowler junior high school,fowler r-4j,colorado
cheraw school,cheraw 31,colorado
swink elementary school,swink 33,colorado
swink junior-senior high school,swink 33,colorado
ouray elementary school,ouray r-1,colorado
ridgway elementary school,ridgway r-2,colorado
ridgway middle school,ridgway r-2,colorado
deer creek elementary school,platte canyon 1,colorado
fitzsimmons middle school,platte canyon 1,colorado
lake george charter school,park county re-2,colorado
south park middle school,park county re-2,colorado
edith teter elementary school,park county re-2,colorado
holyoke elementary school,holyoke re-1j,colorado
holyoke senior high school,holyoke re-1j,colorado
aspen elementary school,aspen 1,colorado
aspen middle school,aspen 1,colorado
granada elementary school,granada re-1,colorado
alta vista charter school,lamar re-2,colorado
lamar middle school,lamar re-2,colorado
parkview elementary school,lamar re-2,colorado
holly school,holly re-3,colorado
wiley elementary school,wiley re-13 jt,colorado
belmont elementary school,pueblo city 60,colorado
franklin school of innovation,pueblo city 60,colorado
bessemer elementary school,pueblo city 60,colorado
beulah heights elementary school,pueblo city 60,colorado
bradford elementary school,pueblo city 60,colorado
carlile elementary school,pueblo city 60,colorado
chavez/huerta k-12 preparatory academy,pueblo city 60,colorado
goodnight elementary school,pueblo city 60,colorado
columbian elementary school,pueblo city 60,colorado
corwin international magnet school,pueblo city 60,colorado
eva r baca elementary school,pueblo city 60,colorado
fountain international magnet school,pueblo city 60,colorado
haaff elementary school,pueblo city 60,colorado
heritage elementary school,pueblo city 60,colorado
highland park elementary school,pueblo city 60,colorado
irving elementary school,pueblo city 60,colorado
risley international academy of innovation,pueblo city 60,colorado
pueblo academy of arts,pueblo city 60,colorado
minnequa elementary school,pueblo city 60,colorado
morton elementary school,pueblo city 60,colorado
park view elementary school,pueblo city 60,colorado
pueblo school for arts & sciences at fulton height,pueblo city 60,colorado
pueblo charter school for the arts & sciences,pueblo city 60,colorado
roncalli stem academy,pueblo city 60,colorado
south park elementary school,pueblo city 60,colorado
sunset park elementary school,pueblo city 60,colorado
w h heaton middle school,pueblo city 60,colorado
sky view middle school,pueblo county 70,colorado
desert sage elementary school,pueblo county 70,colorado
avondale elementary school,pueblo county 70,colorado
cedar ridge elementary school,pueblo county 70,colorado
70 online,pueblo county 70,colorado
north mesa elementary school,pueblo county 70,colorado
pleasant view middle school,pueblo county 70,colorado
prairie winds elementary school,pueblo county 70,colorado
liberty point elementary school,pueblo county 70,colorado
liberty point international school,pueblo county 70,colorado
rye elementary school,pueblo county 70,colorado
craver middle school,pueblo county 70,colorado
sierra vista elementary school,pueblo county 70,colorado
south mesa elementary school,pueblo county 70,colorado
swallows charter academy,pueblo county 70,colorado
the connect charter school,pueblo county 70,colorado
villa bella expeditionary school,pueblo county 70,colorado
vineland elementary school,pueblo county 70,colorado
vineland middle school,pueblo county 70,colorado
meeker elementary school,meeker re-1,colorado
barone middle school,meeker re-1,colorado
parkview elementary school,rangely re-4,colorado
rangely junior/senior high school,rangely re-4,colorado
del norte elementary school,upper rio grande school district c-7,colorado
del norte high jr./sr. high school,upper rio grande school district c-7,colorado
bill metz elementary school,monte vista c-8,colorado
monte vista middle school,monte vista c-8,colorado
sargent elementary school,sargent re-33j,colorado
sargent junior high school,sargent re-33j,colorado
hayden valley elementary school,hayden re-1,colorado
hayden middle school,hayden re-1,colorado
soda creek elementary school,steamboat springs re-2,colorado
steamboat springs middle school,steamboat springs re-2,colorado
strawberry park elementary school,steamboat springs re-2,colorado
soroco middle school,south routt re 3,colorado
south routt elementary school,south routt re 3,colorado
haskin elementary school,center 26 jt,colorado
skoglund middle school,center 26 jt,colorado
telluride intermediate school,telluride r-1,colorado
telluride middle school,telluride r-1,colorado
norwood public schools,norwood r-2j,colorado
destinations career academy of colorado,julesburg re-1,colorado
dillon valley elementary school,summit re-1,colorado
breckenridge elementary school,summit re-1,colorado
frisco elementary school,summit re-1,colorado
silverthorne elementary school,summit re-1,colorado
summit middle school,summit re-1,colorado
summit cove elementary school,summit re-1,colorado
upper blue elementary school,summit re-1,colorado
cripple creek-victor junior-senior high school,cripple creek-victor re-1,colorado
cresson elementary school,cripple creek-victor re-1,colorado
summit elementary school,woodland park re-2,colorado
gateway elementary school,woodland park re-2,colorado
woodland park middle school,woodland park re-2,colorado
columbine elementary school,woodland park re-2,colorado
akron elementary school,akron r-1,colorado
otis elementary school,otis r-3,colorado
otis junior-senior high school,otis r-3,colorado
gilcrest elementary school,weld county re-1,colorado
pete mirich elementary school,weld county re-1,colorado
north valley middle school,weld county re-1,colorado
platteville elementary school,weld county re-1,colorado
south valley middle school,weld county re-1,colorado
benjamin eaton elementary school,eaton re-2,colorado
eaton middle school,eaton re-2,colorado
galeton elementary school,eaton re-2,colorado
cardinal community academy charter school,weld county school district re-3j,colorado
lochbuie elementary school,weld county school district re-3j,colorado
hudson elementary school,weld county school district re-3j,colorado
hoff elementary school,weld county school district re-3j,colorado
weld central middle school,weld county school district re-3j,colorado
grandview elementary school,windsor re-4,colorado
mountain view elementary school,windsor re-4,colorado
severance middle school,windsor re-4,colorado
skyview elementary school,windsor re-4,colorado
range view elementary,windsor re-4,colorado
windsor charter academy middle school,windsor re-4,colorado
windsor charter academy elementary school,windsor re-4,colorado
windsor middle school,windsor re-4,colorado
inspire4 k-12 online school,windsor re-4,colorado
knowledge quest academy,johnstown-milliken re-5j,colorado
letford elementary school,johnstown-milliken re-5j,colorado
milliken elementary school,johnstown-milliken re-5j,colorado
milliken middle school,johnstown-milliken re-5j,colorado
pioneer ridge elementary school,johnstown-milliken re-5j,colorado
heiman elementary school,greeley 6,colorado
winograd k-8 elementary school,greeley 6,colorado
bella romero academy of applied technology,greeley 6,colorado
brentwood middle school,greeley 6,colorado
centennial elementary school,greeley 6,colorado
chappelow k-8 magnet school,greeley 6,colorado
frontier charter academy,greeley 6,colorado
dos rios elementary school,greeley 6,colorado
university schools,greeley 6,colorado
franklin middle school,greeley 6,colorado
heath middle school,greeley 6,colorado
jackson elementary school,greeley 6,colorado
jefferson junior/senior high,greeley 6,colorado
prairie heights middle school,greeley 6,colorado
madison elementary school,greeley 6,colorado
maplewood elementary school,greeley 6,colorado
s. christa mcauliffe stem academy,greeley 6,colorado
meeker elementary school,greeley 6,colorado
monfort elementary school,greeley 6,colorado
martinez elementary school,greeley 6,colorado
scott elementary school,greeley 6,colorado
shawsheen elementary school,greeley 6,colorado
salida del sol academy,greeley 6,colorado
union colony preparatory school,greeley 6,colorado
union colony elementary school,greeley 6,colorado
west ridge academy,greeley 6,colorado
platte valley elementary school,platte valley re-7,colorado
platte valley middle school,platte valley re-7,colorado
fort lupton middle school,weld re-8 schools,colorado
leo william butler elementary school,weld re-8 schools,colorado
kenneth homyak pk-8,weld re-8 schools,colorado
twombly elementary school,weld re-8 schools,colorado
highland elementary school,ault-highland re-9,colorado
prairie elementary school,prairie re-11,colorado
prairie junior-senior high school,prairie re-11,colorado
yuma middle school,yuma 1,colorado
kenneth p morris elementary school,yuma 1,colorado
wray elementary school,wray rd-2,colorado
wray junior senior high school,wray rd-2,colorado
idalia junior-senior high school,idalia rj-3,colorado
academy of charter schools,charter school institute,colorado
ascent classical academy,charter school institute,colorado
colorado early colleges fort collins west,charter school institute,colorado
axis international academy,charter school institute,colorado
stone creek school,charter school institute,colorado
high point academy,charter school institute,colorado
academy of arts and knowledge elementary,charter school institute,colorado
ascent classical academy northern colorado,charter school institute,colorado
caprock academy,charter school institute,colorado
coperni 3,charter school institute,colorado
colorado early colleges windsor,charter school institute,colorado
colorado military academy,charter school institute,colorado
colorado springs charter academy,charter school institute,colorado
community leadership academy,charter school institute,colorado
crown pointe charter academy,charter school institute,colorado
colorado early college fort collins,charter school institute,colorado
early college of arvada,charter school institute,colorado
colorado international language academy,charter school institute,colorado
golden view classical academy,charter school institute,colorado
global village academy - northglenn,charter school institute,colorado
james irwin charter academy,charter school institute,colorado
mountain village montessori charter school,charter school institute,colorado
coperni 2,charter school institute,colorado
mountain middle school,charter school institute,colorado
mountain song community school,charter school institute,colorado
montessori del mundo charter school,charter school institute,colorado
the pinnacle charter school,charter school institute,colorado
ricardo flores magon academy,charter school institute,colorado
ross montessori school,charter school institute,colorado
two rivers community school,charter school institute,colorado
thomas maclaren state charter school,charter school institute,colorado
victory preparatory academy middle state charter s,charter school institute,colorado
rocky mountain school of expeditionary learning,expeditionary boces,colorado
colorado preparatory academy elementary school,education reenvisioned boces,colorado
colorado preparatory academy middle school,education reenvisioned boces,colorado
